recepientIdInfo,recepientName,bankInfo,transitInfo,address1,address2,city,zipcode
60,murali60,bank60,trans60,address60,address60,city60,zipcode60
59,fsfddf,dsfdf,dfsfsdf,dsfdds,dfdsdsfffffffffffffffffffffffffffffffffff,dsfdf,dsffdsfdfdsdsf
61,xcc,xcxcxc,sdsds,xcxcxc,xzcc,xc,xcc
62,xcc,xcxcxc,sdsds,xcxcxc,xzcc,xc,xcc
63,xcc,xcxcxc,sdsds,xcxcxc,xzcc,xc,xcc
64,xcc,xcxcxc,sdsds,xcxcxc,xzcc,xc,xcc
65,murali65,bank65,trans65,add65,add265,city65,zipcode65
66,xzcxc,xcxzc,xcxzcxzc,xzcxzc,xczxc,zxcxzc,xczxc
67,xzcxc,xcxzc,xcxzcxzc,xzcxzc,xczxc,zxcxzc,xczxc
68,xzcxc,xcxzc,xcxzcxzc,xzcxzc,xczxc,zxcxzc,xczxc
69,xzcxc,xcxzc,xcxzcxzc,xzcxzc,xczxc,zxcxzc,xczxc
50,dfsdf,dfdsf,dfsdf,dfsfs,dfdsf,dfsdf,sfsdf
